"Longitude (x)","Latitude (y)","Station Name","Climate ID","Date/Time","Year","Month","Day","Data Quality","Max Temp (°C)","Max Temp Flag","Min Temp (°C)","Min Temp Flag","Mean Temp (°C)","Mean Temp Flag","Heat Deg Days (°C)","Heat Deg Days Flag","Cool Deg Days (°C)","Cool Deg Days Flag","Total Rain (mm)","Total Rain Flag","Total Snow (cm)","Total Snow Flag","Total Precip (mm)","Total Precip Flag","Snow on Grnd (cm)","Snow on Grnd Flag","Dir of Max Gust (10s deg)","Dir of Max Gust Flag","Spd of Max Gust (km/h)","Spd of Max Gust Flag"
"-113.58","53.31","EDMONTON INTL A","3012216","2025-01-01","2025","01","01","","-13.6","","-18.7","","-16.2","","34.2","","0.0","","0.0","","0.0","T","0.0","T","25","","","M","","M"
"-113.58","53.31","EDMONTON INTL A","3012216","2025-01-02","2025","01","02","","-16.8","","-28.2","","-22.5","","40.5","","0.0","","0.0","","0.0","T","0.0","T","25","","","M","","M"
"-113.58","53.31","EDMONTON INTL A","3012216","2025-01-03","2025","01","03","","-17.2","","-29.2","","-23.2","","41.2","","0.0","","0.0","","0.0","T","0.0","T","25","E","13","","46",""
"-113.58","53.31","EDMONTON INTL A","3012216","2025-01-04","2025","01","04","","-16.1","","-20.1","","-18.1","","36.1","","0.0","","0.0","","0.0","T","0.0","T","25","","13","","44",""
"-113.58","53.31","EDMONTON INTL A","3012216","2025-01-05","2025","01","05","","-13.8","","-18.1","","-16.0","","34.0","","0.0","","0.0","","0.2","","0.2","","25","","","M","","M"
"-113.58","53.31","EDMONTON INTL A","3012216","2025-01-06","2025","01","06","","-9.2","","-17.9","","-13.6","","31.6","","0.0","","0.0","","0.0","T","0.0","T","25","","","M","","M"
"-113.58","53.31","EDMONTON INTL A","3012216","2025-01-07","2025","01","07","","2.0","","-16.1","","-7.1","","25.1","","0.0","","0.0","","0.0","","0.0","","25","","","M","","M"
"-113.58","53.31","EDMONTON INTL A","3012216","2025-01-08","2025","01","08","","5.5","","-2.4","","1.6","","16.4","","0.0","","0.0","","0.0","","0.0","","25","","30","","48",""
"-113.58","53.31","EDMONTON INTL A","3012216","2025-01-09","2025","01","09","","-0.2","","-6.4","","-3.3","","21.3","","0.0","","0.0","","0.0","","0.0","","19","","","M","","M"
"-113.58","53.31","EDMONTON INTL A","3012216","2025-01-10","2025","01","10","","4.5","","-3.0","","0.8","","17.2","","0.0","","2.2","","0.0","T","2.2","","19","","31","","69",""
"-113.58","53.31","EDMONTON INTL A","3012216","2025-01-11","2025","01","11","","2.8","","-4.3","","-0.8","","18.8","","0.0","","0.7","","1.4","","2.1","","13","","30","","56",""
"-113.58","53.31","EDMONTON INTL A","3012216","2025-01-12","2025","01","12","","0.8","","-4.3","","-1.8","","19.8","","0.0","","0.5","","0.3","","0.8","","14","","","M","","M"
"-113.58","53.31","EDMONTON INTL A","3012216","2025-01-13","2025","01","13","","4.1","","-8.2","","-2.1","","20.1","","0.0","","0.0","","0.0","","0.0","","14","","30","","45",""
"-113.58","53.31","EDMONTON INTL A","3012216","2025-01-14","2025","01","14","","6.6","","-7.0","","-0.2","","18.2","","0.0","","0.0","","0.0","","0.0","","14","","19","","33",""
"-113.58","53.31","EDMONTON INTL A","3012216","2025-01-15","2025","01","15","","4.3","","-2.8","","0.8","","17.2","","0.0","","0.0","","0.0","","0.0","","14","","15","","36",""
"-113.58","53.31","EDMONTON INTL A","3012216","2025-01-16","2025","01","16","","3.4","","-6.8","","-1.7","","19.7","","0.0","","0.0","","2.5","","2.5","","14","","31","","88",""
"-113.58","53.31","EDMONTON INTL A","3012216","2025-01-17","2025","01","17","","-6.1","","-16.5","","-11.3","","29.3","","0.0","","0.0","","2.6","","2.3","","18","","1","","58",""
"-113.58","53.31","EDMONTON INTL A","3012216","2025-01-18","2025","01","18","","-16.3","","-26.9","","-21.6","","39.6","","0.0","","0.0","","0.2","","0.2","","19","","1","","36",""
"-113.58","53.31","EDMONTON INTL A","3012216","2025-01-19","2025","01","19","","-21.4","","-33.0","","-27.2","","45.2","","0.0","","0.0","","0.0","T","0.0","T","19","","","M","","M"
"-113.58","53.31","EDMONTON INTL A","3012216","2025-01-20","2025","01","20","","-2.2","","-32.3","","-17.3","","35.3","","0.0","","0.0","","0.0","T","0.0","T","19","","16","","31",""
"-113.58","53.31","EDMONTON INTL A","3012216","2025-01-21","2025","01","21","","0.0","","-6.3","","-3.2","","21.2","","0.0","","0.0","","0.7","","0.7","","19","","29","","79",""
"-113.58","53.31","EDMONTON INTL A","3012216","2025-01-22","2025","01","22","","-1.2","","-11.5","","-6.4","","24.4","","0.0","","0.0","","0.3","","0.3","","19","","32","","63",""
"-113.58","53.31","EDMONTON INTL A","3012216","2025-01-23","2025","01","23","","3.3","","-8.6","","-2.7","","20.7","","0.0","","0.0","","0.0","T","0.0","T","19","","33","","68",""
"-113.58","53.31","EDMONTON INTL A","3012216","2025-01-24","2025","01","24","","-1.0","","-12.7","","-6.9","","24.9","","0.0","","0.0","","0.0","T","0.0","T","19","","34","","68",""
"-113.58","53.31","EDMONTON INTL A","3012216","2025-01-25","2025","01","25","","0.3","","-12.7","","-6.2","","24.2","","0.0","","0.0","","0.0","","0.0","","19","","27","","31",""
"-113.58","53.31","EDMONTON INTL A","3012216","2025-01-26","2025","01","26","","5.1","","-7.3","","-1.1","","19.1","","0.0","","0.0","","0.0","","0.0","","19","","","M","","M"
"-113.58","53.31","EDMONTON INTL A","3012216","2025-01-27","2025","01","27","","6.2","","-2.7","","1.8","","16.2","","0.0","","0.0","","0.0","","0.0","","19","","27","","35",""
"-113.58","53.31","EDMONTON INTL A","3012216","2025-01-28","2025","01","28","","6.1","","-0.5","","2.8","","15.2","","0.0","","0.0","","1.8","","1.8","","18","","31","","43",""
"-113.58","53.31","EDMONTON INTL A","3012216","2025-01-29","2025","01","29","","2.6","","-8.6","","-3.0","","21.0","","0.0","","0.0","","1.9","","1.9","","21","","30","","35",""
"-113.58","53.31","EDMONTON INTL A","3012216","2025-01-30","2025","01","30","","2.6","","-9.6","","-3.5","","21.5","","0.0","","0.0","","10.6","","2.9","","21","","29","","40",""
"-113.58","53.31","EDMONTON INTL A","3012216","2025-01-31","2025","01","31","","-9.5","","-14.7","","-12.1","","30.1","","0.0","","0.0","","0.4","","0.4","","31","","11","","45",""
"-113.58","53.31","EDMONTON INTL A","3012216","2025-02-01","2025","02","01","","-14.4","","-26.9","","-20.7","","38.7","","0.0","","0.0","","1.0","","1.0","","32","","31","","46",""
"-113.58","53.31","EDMONTON INTL A","3012216","2025-02-02","2025","02","02","","-23.5","","-29.1","","-26.3","","44.3","","0.0","","0.0","","1.3","","1.3","","32","","34","","40",""
"-113.58","53.31","EDMONTON INTL A","3012216","2025-02-03","2025","02","03","","-24.7","","-34.5","","-29.6","","47.6","","0.0","","0.0","","0.3","","0.3","","33","","","M","","M"
"-113.58","53.31","EDMONTON INTL A","3012216","2025-02-04","2025","02","04","","-23.2","","-28.2","","-25.7","","43.7","","0.0","","0.0","","0.8","","0.8","","33","","","M","","M"
"-113.58","53.31","EDMONTON INTL A","3012216","2025-02-05","2025","02","05","","-18.6","","-26.3","","-22.5","","40.5","","0.0","","0.0","","0.0","T","0.0","T","34","","","M","","M"
"-113.58","53.31","EDMONTON INTL A","3012216","2025-02-06","2025","02","06","","-8.4","","-21.5","","-15.0","","33.0","","0.0","","0.0","","0.2","","0.2","","34","","","M","","M"
"-113.58","53.31","EDMONTON INTL A","3012216","2025-02-07","2025","02","07","","-11.9","","-19.8","","-15.9","","33.9","","0.0","","0.0","","0.0","T","0.0","T","34","","","M","","M"
"-113.58","53.31","EDMONTON INTL A","3012216","2025-02-08","2025","02","08","","-10.4","","-24.8","","-17.6","","35.6","","0.0","","0.0","","0.0","T","0.0","T","34","","31","","41",""
"-113.58","53.31","EDMONTON INTL A","3012216","2025-02-09","2025","02","09","","-11.5","","-28.4","","-20.0","","38.0","","0.0","","0.0","","0.0","T","0.0","T","34","","35","","58",""
"-113.58","53.31","EDMONTON INTL A","3012216","2025-02-10","2025","02","10","","-16.4","","-32.9","","-24.7","","42.7","","0.0","","0.0","","0.0","","0.0","","34","","","M","","M"
"-113.58","53.31","EDMONTON INTL A","3012216","2025-02-11","2025","02","11","","-13.6","","-18.3","","-16.0","","34.0","","0.0","","0.0","","0.7","","0.5","","34","","","M","","M"
"-113.58","53.31","EDMONTON INTL A","3012216","2025-02-12","2025","02","12","","-14.0","","-22.5","","-18.3","","36.3","","0.0","","0.0","","0.2","","0.2","","35","","","M","","M"
"-113.58","53.31","EDMONTON INTL A","3012216","2025-02-13","2025","02","13","","-15.6","","-20.1","","-17.9","","35.9","","0.0","","0.0","","0.2","","0.2","","35","","","M","","M"
"-113.58","53.31","EDMONTON INTL A","3012216","2025-02-14","2025","02","14","","-18.5","","-20.0","","-19.3","","37.3","","0.0","","0.0","","0.8","","0.8","","35","","","M","","M"
"-113.58","53.31","EDMONTON INTL A","3012216","2025-02-15","2025","02","15","","-19.2","","-32.2","","-25.7","","43.7","","0.0","","0.0","","0.0","T","0.0","T","36","","","M","","M"
"-113.58","53.31","EDMONTON INTL A","3012216","2025-02-16","2025","02","16","","-20.0","","-35.0","","-27.5","","45.5","","0.0","","0.0","","0.0","T","0.0","T","36","","13","","33",""
"-113.58","53.31","EDMONTON INTL A","3012216","2025-02-17","2025","02","17","","-23.5","","-29.6","","-26.6","","44.6","","0.0","","0.0","","0.0","T","0.0","T","36","","12","","43",""
"-113.58","53.31","EDMONTON INTL A","3012216","2025-02-18","2025","02","18","","-23.2","","-33.1","","-28.2","","46.2","","0.0","","0.0","","0.0","","0.0","","36","","13","","40",""
"-113.58","53.31","EDMONTON INTL A","3012216","2025-02-19","2025","02","19","","-17.7","","-27.7","","-22.7","","40.7","","0.0","","0.0","","0.0","","0.0","","36","","14","","43",""
"-113.58","53.31","EDMONTON INTL A","3012216","2025-02-20","2025","02","20","","-0.5","","-25.1","","-12.8","","30.8","","0.0","","0.0","","0.0","","0.0","","36","","","M","","M"
"-113.58","53.31","EDMONTON INTL A","3012216","2025-02-21","2025","02","21","","5.1","","-3.1","","1.0","","17.0","","0.0","","0.0","","0.0","","0.0","","36","","","M","","M"
"-113.58","53.31","EDMONTON INTL A","3012216","2025-02-22","2025","02","22","","8.0","","-3.5","","2.3","","15.7","","0.0","","0.0","","0.0","","0.0","","22","","18","","34",""
"-113.58","53.31","EDMONTON INTL A","3012216","2025-02-23","2025","02","23","","7.4","","-1.2","","3.1","","14.9","","0.0","","0.0","","0.0","","0.0","","20","","25","","52",""
"-113.58","53.31","EDMONTON INTL A","3012216","2025-02-24","2025","02","24","","5.5","","-7.9","","-1.2","","19.2","","0.0","","0.0","","0.0","","0.0","","16","","","M","","M"
"-113.58","53.31","EDMONTON INTL A","3012216","2025-02-25","2025","02","25","","4.9","","-9.2","","-2.2","","20.2","","0.0","","0.0","","0.0","","0.0","","14","","24","","35",""
"-113.58","53.31","EDMONTON INTL A","3012216","2025-02-26","2025","02","26","","5.3","","-4.4","","0.5","","17.5","","0.0","","0.0","","0.0","","0.0","","13","","","M","","M"
"-113.58","53.31","EDMONTON INTL A","3012216","2025-02-27","2025","02","27","","8.7","","0.2","","4.5","","13.5","","0.0","","0.0","T","0.0","","0.0","T","13","","29","","58",""
"-113.58","53.31","EDMONTON INTL A","3012216","2025-02-28","2025","02","28","","6.2","","-3.2","","1.5","","16.5","","0.0","","0.0","","0.0","","0.0","","13","","31","","32",""
"-113.58","53.31","EDMONTON INTL A","3012216","2025-03-01","2025","03","01","","6.9","","-3.6","","1.7","","16.3","","0.0","","0.0","","0.0","","0.0","","13","","","M","","M"
"-113.58","53.31","EDMONTON INTL A","3012216","2025-03-02","2025","03","02","","7.6","","-6.1","","0.8","","17.2","","0.0","","0.0","","0.0","","0.0","","12","","","M","","M"
"-113.58","53.31","EDMONTON INTL A","3012216","2025-03-03","2025","03","03","","2.2","","-5.1","","-1.5","","19.5","","0.0","","0.0","T","0.0","","0.0","T","11","","","M","","M"
"-113.58","53.31","EDMONTON INTL A","3012216","2025-03-04","2025","03","04","","3.0","","-8.0","","-2.5","","20.5","","0.0","","0.0","","0.0","","0.0","","7","","","M","","M"
"-113.58","53.31","EDMONTON INTL A","3012216","2025-03-05","2025","03","05","","2.9","","-8.1","","-2.6","","20.6","","0.0","","0.0","","0.0","","0.0","","5","","","M","","M"
"-113.58","53.31","EDMONTON INTL A","3012216","2025-03-06","2025","03","06","","6.1","","-8.4","","-1.2","","19.2","","0.0","","0.0","","0.0","","0.0","","4","","","M","","M"
"-113.58","53.31","EDMONTON INTL A","3012216","2025-03-07","2025","03","07","","8.0","","-5.7","","1.2","","16.8","","0.0","","0.0","","0.0","","0.0","","4","","","M","","M"
"-113.58","53.31","EDMONTON INTL A","3012216","2025-03-08","2025","03","08","","8.2","","-2.4","","2.9","","15.1","","0.0","","0.0","","0.0","","0.0","","4","","","M","","M"
"-113.58","53.31","EDMONTON INTL A","3012216","2025-03-09","2025","03","09","","1.0","","-5.5","","-2.3","","20.3","","0.0","","0.0","","6.3","","9.3","","4","","4","","33",""
"-113.58","53.31","EDMONTON INTL A","3012216","2025-03-10","2025","03","10","","0.6","","-8.1","","-3.8","","21.8","","0.0","","0.0","","0.4","","0.4","","10","","","M","","M"
"-113.58","53.31","EDMONTON INTL A","3012216","2025-03-11","2025","03","11","","2.5","","-6.3","","-1.9","","19.9","","0.0","","0.0","","0.3","","0.3","","6","","29","","42",""
"-113.58","53.31","EDMONTON INTL A","3012216","2025-03-12","2025","03","12","","-2.7","","-7.2","","-5.0","","23.0","","0.0","","0.0","","0.0","T","0.0","T","5","","9","","43",""
"-113.58","53.31","EDMONTON INTL A","3012216","2025-03-13","2025","03","13","","-4.2","","-14.7","","-9.5","","27.5","","0.0","","0.0","","5.2","","5.2","","5","","10","","45",""
"-113.58","53.31","EDMONTON INTL A","3012216","2025-03-14","2025","03","14","","-10.6","","-19.8","","-15.2","","33.2","","0.0","","0.0","","0.0","T","0.0","T","10","","","M","","M"
"-113.58","53.31","EDMONTON INTL A","3012216","2025-03-15","2025","03","15","","-10.7","","-12.9","","-11.8","","29.8","","0.0","","0.0","","0.3","","0.3","","10","","","M","","M"
"-113.58","53.31","EDMONTON INTL A","3012216","2025-03-16","2025","03","16","","-7.0","","-13.3","","-10.2","","28.2","","0.0","","0.0","","0.0","T","0.0","T","10","","13","","36",""
"-113.58","53.31","EDMONTON INTL A","3012216","2025-03-17","2025","03","17","","-1.6","","-7.0","","-4.3","","22.3","","0.0","","0.0","","0.2","","0.2","","10","","","M","","M"
"-113.58","53.31","EDMONTON INTL A","3012216","2025-03-18","2025","03","18","","0.9","","-9.8","","-4.5","","22.5","","0.0","","0.0","","0.0","T","0.0","T","8","","","M","","M"
"-113.58","53.31","EDMONTON INTL A","3012216","2025-03-19","2025","03","19","","3.5","","-11.5","","-4.0","","22.0","","0.0","","0.0","","0.0","","0.0","","7","","","M","","M"
"-113.58","53.31","EDMONTON INTL A","3012216","2025-03-20","2025","03","20","","4.3","","-10.1","","-2.9","","20.9","","0.0","","0.0","T","0.0","","0.0","T","6","","","M","","M"
"-113.58","53.31","EDMONTON INTL A","3012216","2025-03-21","2025","03","21","","4.0","","-6.2","","-1.1","","19.1","","0.0","","0.0","","0.0","","0.0","","5","","","M","","M"
"-113.58","53.31","EDMONTON INTL A","3012216","2025-03-22","2025","03","22","","6.4","","-2.2","","2.1","","15.9","","0.0","","0.0","","0.0","","0.0","","4","","","M","","M"
"-113.58","53.31","EDMONTON INTL A","3012216","2025-03-23","2025","03","23","","6.2","","-4.5","","0.9","","17.1","","0.0","","0.0","","0.0","","0.0","","3","","","M","","M"
"-113.58","53.31","EDMONTON INTL A","3012216","2025-03-24","2025","03","24","","10.1","","-1.7","","4.2","","13.8","","0.0","","0.0","","0.0","","0.0","","1","","29","","44",""
"-113.58","53.31","EDMONTON INTL A","3012216","2025-03-25","2025","03","25","","10.2","","-1.8","","4.2","","13.8","","0.0","","0.0","","0.0","","0.0","","1","","","M","","M"
"-113.58","53.31","EDMONTON INTL A","3012216","2025-03-26","2025","03","26","","6.3","","0.0","","3.2","","14.8","","0.0","","0.8","","0.0","","0.8","","1","","","M","","M"
"-113.58","53.31","EDMONTON INTL A","3012216","2025-03-27","2025","03","27","","1.7","","-5.5","","-1.9","","19.9","","0.0","","1.3","","14.4","","15.7","","1","","4","","37",""
"-113.58","53.31","EDMONTON INTL A","3012216","2025-03-28","2025","03","28","","-5.2","","-8.3","","-6.8","","24.8","","0.0","","0.0","","9.6","","6.9","","13","","","M","","M"
"-113.58","53.31","EDMONTON INTL A","3012216","2025-03-29","2025","03","29","","-4.8","","-14.1","","-9.5","","27.5","","0.0","","0.0","","0.0","T","0.0","T","22","","","M","","M"
"-113.58","53.31","EDMONTON INTL A","3012216","2025-03-30","2025","03","30","","-0.4","","-16.3","","-8.4","","26.4","","0.0","","0.0","","0.0","","0.0","","17","","","M","","M"
"-113.58","53.31","EDMONTON INTL A","3012216","2025-03-31","2025","03","31","","1.3","","-5.0","","-1.9","","19.9","","0.0","","0.0","","0.0","T","0.0","T","15","","14","","34",""
"-113.58","53.31","EDMONTON INTL A","3012216","2025-04-01","2025","04","01","","4.0","","-1.4","","1.3","","16.7","","0.0","","0.0","","0.0","T","0.0","T","12","","35","","32",""
"-113.58","53.31","EDMONTON INTL A","3012216","2025-04-02","2025","04","02","","0.6","","-5.9","","-2.7","","20.7","","0.0","","0.0","","0.0","T","0.0","T","8","","35","","37",""
"-113.58","53.31","EDMONTON INTL A","3012216","2025-04-03","2025","04","03","","0.5","","-7.5","","-3.5","","21.5","","0.0","","0.0","","0.0","T","0.0","T","5","","35","","45",""
"-113.58","53.31","EDMONTON INTL A","3012216","2025-04-04","2025","04","04","","8.3","","-7.8","","0.3","","17.7","","0.0","","0.0","","0.0","","0.0","","4","","","M","","M"
"-113.58","53.31","EDMONTON INTL A","3012216","2025-04-05","2025","04","05","","14.6","","-1.9","","6.4","","11.6","","0.0","","0.0","","0.0","","0.0","","0","T","","M","","M"
"-113.58","53.31","EDMONTON INTL A","3012216","2025-04-06","2025","04","06","","17.5","","-0.3","","8.6","","9.4","","0.0","","0.0","","0.0","","0.0","","0","T","13","","33",""
"-113.58","53.31","EDMONTON INTL A","3012216","2025-04-07","2025","04","07","","16.5","","1.6","","9.1","","8.9","","0.0","","0.6","","0.0","","0.6","","0","T","14","","40",""
"-113.58","53.31","EDMONTON INTL A","3012216","2025-04-08","2025","04","08","","10.3","","3.0","","6.7","","11.3","","0.0","","2.2","","0.0","","2.2","","0","T","30","","44",""
"-113.58","53.31","EDMONTON INTL A","3012216","2025-04-09","2025","04","09","","15.1","","0.9","","8.0","","10.0","","0.0","","0.0","","0.0","","0.0","","0","T","24","","37",""
"-113.58","53.31","EDMONTON INTL A","3012216","2025-04-10","2025","04","10","","15.9","","-1.4","","7.3","","10.7","","0.0","","0.0","","0.0","","0.0","","0","T","14","","42",""
"-113.58","53.31","EDMONTON INTL A","3012216","2025-04-11","2025","04","11","","15.8","","0.1","","8.0","","10.0","","0.0","","0.0","","0.0","","0.0","","","","30","","57",""
"-113.58","53.31","EDMONTON INTL A","3012216","2025-04-12","2025","04","12","","9.8","","-5.4","","2.2","","15.8","","0.0","","0.0","","0.0","","0.0","","","","30","","54",""
"-113.58","53.31","EDMONTON INTL A","3012216","2025-04-13","2025","04","13","","10.7","","-2.6","","4.1","","13.9","","0.0","","0.0","","0.0","T","0.0","T","","","32","","49",""
"-113.58","53.31","EDMONTON INTL A","3012216","2025-04-14","2025","04","14","","15.5","","-4.6","","5.5","","12.5","","0.0","","0.0","","0.0","","0.0","","","","25","","37",""
"-113.58","53.31","EDMONTON INTL A","3012216","2025-04-15","2025","04","15","","13.8","","1.7","","7.8","","10.2","","0.0","","0.0","T","0.0","","0.0","T","","","30","","54",""
"-113.58","53.31","EDMONTON INTL A","3012216","2025-04-16","2025","04","16","","10.4","","-0.2","","5.1","","12.9","","0.0","","0.0","","0.0","","0.0","","","","31","","68",""
"-113.58","53.31","EDMONTON INTL A","3012216","2025-04-17","2025","04","17","","10.6","","-3.7","","3.5","","14.5","","0.0","","0.0","","0.0","T","0.0","T","","","35","","49",""
"-113.58","53.31","EDMONTON INTL A","3012216","2025-04-18","2025","04","18","","18.9","","-5.4","","6.8","","11.2","","0.0","","0.0","","0.0","","0.0","","","","19","","46",""
"-113.58","53.31","EDMONTON INTL A","3012216","2025-04-19","2025","04","19","","14.2","","2.8","","8.5","","9.5","","0.0","","0.0","T","0.0","","0.0","T","","","35","","58",""
"-113.58","53.31","EDMONTON INTL A","3012216","2025-04-20","2025","04","20","","11.3","","-5.5","","2.9","","15.1","","0.0","","0.0","","0.0","","0.0","","","","27","","31",""
"-113.58","53.31","EDMONTON INTL A","3012216","2025-04-21","2025","04","21","","8.2","","-5.4","","1.4","","16.6","","0.0","","1.7","","0.0","","1.7","","","","19","","32",""
"-113.58","53.31","EDMONTON INTL A","3012216","2025-04-22","2025","04","22","","11.2","","-0.2","","5.5","","12.5","","0.0","","1.0","","0.0","T","1.0","","","","27","","48",""
"-113.58","53.31","EDMONTON INTL A","3012216","2025-04-23","2025","04","23","","13.1","","-0.6","","6.3","","11.7","","0.0","","0.0","T","0.0","","0.0","T","","","27","","51",""
"-113.58","53.31","EDMONTON INTL A","3012216","2025-04-24","2025","04","24","","17.3","","-4.9","","6.2","","11.8","","0.0","","0.0","","0.0","","0.0","","","","12","","32",""
"-113.58","53.31","EDMONTON INTL A","3012216","2025-04-25","2025","04","25","","21.7","","4.7","","13.2","","4.8","","0.0","","0.0","","0.0","","0.0","","","","20","","58",""
"-113.58","53.31","EDMONTON INTL A","3012216","2025-04-26","2025","04","26","","22.1","","1.4","","11.8","","6.2","","0.0","","0.0","T","0.0","","0.0","T","","","34","","75",""
"-113.58","53.31","EDMONTON INTL A","3012216","2025-04-27","2025","04","27","","10.7","","-0.4","","5.2","","12.8","","0.0","","7.3","","0.0","","7.3","","","","36","","57",""
"-113.58","53.31","EDMONTON INTL A","3012216","2025-04-28","2025","04","28","","16.8","","-3.3","","6.8","","11.2","","0.0","","0.0","","0.0","","0.0","","","","18","","48",""
"-113.58","53.31","EDMONTON INTL A","3012216","2025-04-29","2025","04","29","","17.1","","4.6","","10.9","","7.1","","0.0","","0.0","T","0.0","","0.0","T","","","29","","53",""
"-113.58","53.31","EDMONTON INTL A","3012216","2025-04-30","2025","04","30","","15.9","","3.4","","9.7","","8.3","","0.0","","0.0","","0.0","","0.0","","","","34","","45",""
"-113.58","53.31","EDMONTON INTL A","3012216","2025-05-01","2025","05","01","","21.7","","-2.4","","9.7","","8.3","","0.0","","0.0","","0.0","","0.0","","","","24","","38",""
"-113.58","53.31","EDMONTON INTL A","3012216","2025-05-02","2025","05","02","","25.8","","3.9","","14.9","","3.1","","0.0","","0.0","","0.0","","0.0","","","","22","","32",""
"-113.58","53.31","EDMONTON INTL A","3012216","2025-05-03","2025","05","03","","28.2","","4.9","","16.6","","1.4","","0.0","","0.0","","0.0","","0.0","","","","32","","60",""
"-113.58","53.31","EDMONTON INTL A","3012216","2025-05-04","2025","05","04","","15.5","","5.0","","10.3","","7.7","","0.0","","0.3","","0.0","","0.3","","","","30","","69",""
"-113.58","53.31","EDMONTON INTL A","3012216","2025-05-05","2025","05","05","","16.7","","-0.5","","8.1","","9.9","","0.0","","0.0","","0.0","","0.0","","","","28","","35",""
"-113.58","53.31","EDMONTON INTL A","3012216","2025-05-06","2025","05","06","","22.8","","4.1","","13.5","","4.5","","0.0","","0.0","","0.0","","0.0","","","","14","","60",""
"-113.58","53.31","EDMONTON INTL A","3012216","2025-05-07","2025","05","07","","22.7","","9.0","","15.9","","2.1","","0.0","","0.0","","0.0","","0.0","","","","18","","52",""
"-113.58","53.31","EDMONTON INTL A","3012216","2025-05-08","2025","05","08","","15.5","","2.5","","9.0","","9.0","","0.0","","0.8","","0.0","","0.8","","","","35","","59",""
"-113.58","53.31","EDMONTON INTL A","3012216","2025-05-09","2025","05","09","","20.0","","0.6","","10.3","","7.7","","0.0","","0.0","","0.0","","0.0","","","","18","","45",""
"-113.58","53.31","EDMONTON INTL A","3012216","2025-05-10","2025","05","10","","19.9","","1.9","","10.9","","7.1","","0.0","","0.0","T","0.0","","0.0","T","","","4","","34",""
"-113.58","53.31","EDMONTON INTL A","3012216","2025-05-11","2025","05","11","","21.1","","6.6","","13.9","","4.1","","0.0","","0.0","T","0.0","","0.0","T","","","24","","48",""
"-113.58","53.31","EDMONTON INTL A","3012216","2025-05-12","2025","05","12","","14.6","","6.7","","10.7","","7.3","","0.0","","1.5","","0.0","","1.5","","","","6","","36",""
"-113.58","53.31","EDMONTON INTL A","3012216","2025-05-13","2025","05","13","","20.2","","2.5","","11.4","","6.6","","0.0","","0.0","","0.0","","0.0","","","","24","","48",""
"-113.58","53.31","EDMONTON INTL A","3012216","2025-05-14","2025","05","14","","20.3","","8.2","","14.3","","3.7","","0.0","","1.0","","0.0","","1.0","","","","26","","61",""
"-113.58","53.31","EDMONTON INTL A","3012216","2025-05-15","2025","05","15","","11.9","","1.3","","6.6","","11.4","","0.0","","1.2","","0.0","","1.2","","","","34","","54",""
"-113.58","53.31","EDMONTON INTL A","3012216","2025-05-16","2025","05","16","","15.8","","-3.9","","6.0","","12.0","","0.0","","0.0","","0.0","","0.0","","","","9","","33",""
"-113.58","53.31","EDMONTON INTL A","3012216","2025-05-17","2025","05","17","","17.2","","2.6","","9.9","","8.1","","0.0","","0.0","T","0.0","","0.0","T","","","12","","41",""
"-113.58","53.31","EDMONTON INTL A","3012216","2025-05-18","2025","05","18","","19.0","","7.8","","13.4","","4.6","","0.0","","0.0","","0.0","","0.0","","","","10","","49",""
"-113.58","53.31","EDMONTON INTL A","3012216","2025-05-19","2025","05","19","","10.2","","5.5","","7.9","","10.1","","0.0","","0.0","T","0.0","","0.0","T","","","13","","41",""
"-113.58","53.31","EDMONTON INTL A","3012216","2025-05-20","2025","05","20","","11.3","","6.0","","8.7","","9.3","","0.0","","15.0","","0.0","","15.0","","","","","M","","M"
"-113.58","53.31","EDMONTON INTL A","3012216","2025-05-21","2025","05","21","","10.7","","7.2","","9.0","","9.0","","0.0","","5.2","","0.0","","5.2","","","","","M","","M"
"-113.58","53.31","EDMONTON INTL A","3012216","2025-05-22","2025","05","22","","15.2","","4.8","","10.0","","8.0","","0.0","","1.0","","0.0","","1.0","","","","20","","37",""
"-113.58","53.31","EDMONTON INTL A","3012216","2025-05-23","2025","05","23","","19.0","","3.8","","11.4","","6.6","","0.0","","0.2","","0.0","","0.2","","","","17","","46",""
"-113.58","53.31","EDMONTON INTL A","3012216","2025-05-24","2025","05","24","","23.2","","7.2","","15.2","","2.8","","0.0","","0.0","","0.0","","0.0","","","","14","","54",""
"-113.58","53.31","EDMONTON INTL A","3012216","2025-05-25","2025","05","25","","27.4","","10.8","","19.1","","0.0","","1.1","","0.0","","0.0","","0.0","","","","17","","51",""
"-113.58","53.31","EDMONTON INTL A","3012216","2025-05-26","2025","05","26","","30.5","","12.8","","21.7","","0.0","","3.7","","2.8","","0.0","","2.8","","","","26","","69",""
"-113.58","53.31","EDMONTON INTL A","3012216","2025-05-27","2025","05","27","","23.4","","10.6","","17.0","","1.0","","0.0","","0.0","","0.0","","0.0","","","","29","","36",""
"-113.58","53.31","EDMONTON INTL A","3012216","2025-05-28","2025","05","28","","28.4","","6.4","","17.4","","0.6","","0.0","","0.0","","0.0","","0.0","","","","14","","45",""
"-113.58","53.31","EDMONTON INTL A","3012216","2025-05-29","2025","05","29","","32.8","","13.8","","23.3","","0.0","","5.3","","1.2","","0.0","","1.2","","","","29","","129",""
"-113.58","53.31","EDMONTON INTL A","3012216","2025-05-30","2025","05","30","","24.0","","10.8","","17.4","","0.6","","0.0","","0.0","","0.0","","0.0","","","","32","","45",""
"-113.58","53.31","EDMONTON INTL A","3012216","2025-05-31","2025","05","31","","29.8","","8.5","","19.2","","0.0","","1.2","","1.0","","0.0","","1.0","","","","32","","74",""
"-113.58","53.31","EDMONTON INTL A","3012216","2025-06-01","2025","06","01","","16.9","","4.6","","10.8","","7.2","","0.0","","0.0","T","0.0","","0.0","T","","","33","","60",""
"-113.58","53.31","EDMONTON INTL A","3012216","2025-06-02","2025","06","02","","18.4","","3.6","","11.0","","7.0","","0.0","","0.0","T","0.0","","0.0","T","","","32","","53",""
"-113.58","53.31","EDMONTON INTL A","3012216","2025-06-03","2025","06","03","","18.0","","4.3","","11.2","","6.8","","0.0","","1.0","","0.0","","1.0","","","","31","","60",""
"-113.58","53.31","EDMONTON INTL A","3012216","2025-06-04","2025","06","04","","20.8","","4.8","","12.8","","5.2","","0.0","","0.0","T","0.0","","0.0","T","","","36","","36",""
"-113.58","53.31","EDMONTON INTL A","3012216","2025-06-05","2025","06","05","","25.5","","6.1","","15.8","","2.2","","0.0","","0.0","T","0.0","","0.0","T","","","21","","36",""
"-113.58","53.31","EDMONTON INTL A","3012216","2025-06-06","2025","06","06","","23.1","","13.6","","18.4","","0.0","","0.4","","0.0","T","0.0","","0.0","T","","","34","","72",""
"-113.58","53.31","EDMONTON INTL A","3012216","2025-06-07","2025","06","07","","19.8","","7.3","","13.6","","4.4","","0.0","","0.0","","0.0","","0.0","","","","30","","66",""
"-113.58","53.31","EDMONTON INTL A","3012216","2025-06-08","2025","06","08","","26.0","","2.0","","14.0","","4.0","","0.0","","0.0","","0.0","","0.0","","","","18","","31",""
"-113.58","53.31","EDMONTON INTL A","3012216","2025-06-09","2025","06","09","","24.1","","11.5","","17.8","","0.2","","0.0","","0.0","","0.0","","0.0","","","","31","","52",""
"-113.58","53.31","EDMONTON INTL A","3012216","2025-06-10","2025","06","10","","22.8","","1.7","","12.3","","5.7","","0.0","","0.0","","0.0","","0.0","","","","4","","35",""
"-113.58","53.31","EDMONTON INTL A","3012216","2025-06-11","2025","06","11","","21.1","","7.6","","14.4","","3.6","","0.0","","0.5","","0.0","","0.5","","","","6","","41",""
"-113.58","53.31","EDMONTON INTL A","3012216","2025-06-12","2025","06","12","","17.2","","12.1","","14.7","","3.3","","0.0","","2.2","","0.0","","2.2","","","","12","","50",""
"-113.58","53.31","EDMONTON INTL A","3012216","2025-06-13","2025","06","13","","19.3","","12.5","","15.9","","2.1","","0.0","","17.7","","0.0","","17.7","","","","31","","41",""
"-113.58","53.31","EDMONTON INTL A","3012216","2025-06-14","2025","06","14","","17.2","","10.5","","13.9","","4.1","","0.0","","6.7","","0.0","","6.7","","","","30","","39",""
"-113.58","53.31","EDMONTON INTL A","3012216","2025-06-15","2025","06","15","","20.3","","5.5","","12.9","","5.1","","0.0","","3.9","","0.0","","3.9","","","","30","","48",""
"-113.58","53.31","EDMONTON INTL A","3012216","2025-06-16","2025","06","16","","23.7","","5.5","","14.6","","3.4","","0.0","","0.0","","0.0","","0.0","","","","","M","","M"
"-113.58","53.31","EDMONTON INTL A","3012216","2025-06-17","2025","06","17","","24.2","","10.9","","17.6","","0.4","","0.0","","0.0","T","0.0","","0.0","T","","","25","","59",""
"-113.58","53.31","EDMONTON INTL A","3012216","2025-06-18","2025","06","18","","24.2","","8.1","","16.2","","1.8","","0.0","","0.0","T","0.0","","0.0","T","","","6","","48",""
"-113.58","53.31","EDMONTON INTL A","3012216","2025-06-19","2025","06","19","","18.8","","9.7","","14.3","","3.7","","0.0","","32.9","","0.0","","32.9","","","","23","","41",""
"-113.58","53.31","EDMONTON INTL A","3012216","2025-06-20","2025","06","20","","20.0","","5.6","","12.8","","5.2","","0.0","","3.6","","0.0","","3.6","","","","13","","41",""
"-113.58","53.31","EDMONTON INTL A","3012216","2025-06-21","2025","06","21","","14.7","","7.3","","11.0","","7.0","","0.0","","1.4","","0.0","","1.4","","","","1","","42",""
"-113.58","53.31","EDMONTON INTL A","3012216","2025-06-22","2025","06","22","","16.6","","1.0","","8.8","","9.2","","0.0","","4.1","","0.0","","4.1","","","","32","","46",""
"-113.58","53.31","EDMONTON INTL A","3012216","2025-06-23","2025","06","23","","13.9","","4.2","","9.1","","8.9","","0.0","","0.2","","0.0","","0.2","","","","36","","37",""
"-113.58","53.31","EDMONTON INTL A","3012216","2025-06-24","2025","06","24","","21.1","","0.9","","11.0","","7.0","","0.0","","0.0","","0.0","","0.0","","","","14","","37",""
"-113.58","53.31","EDMONTON INTL A","3012216","2025-06-25","2025","06","25","","23.2","","10.2","","16.7","","1.3","","0.0","","2.2","","0.0","","2.2","","","","31","","48",""
"-113.58","53.31","EDMONTON INTL A","3012216","2025-06-26","2025","06","26","","23.1","","9.4","","16.3","","1.7","","0.0","","1.3","","0.0","","1.3","","","","26","","46",""
"-113.58","53.31","EDMONTON INTL A","3012216","2025-06-27","2025","06","27","","23.9","","7.8","","15.9","","2.1","","0.0","","2.4","","0.0","","2.4","","","","13","","35",""
"-113.58","53.31","EDMONTON INTL A","3012216","2025-06-28","2025","06","28","","22.1","","12.9","","17.5","","0.5","","0.0","","1.5","","0.0","","1.5","","","","32","","39",""
"-113.58","53.31","EDMONTON INTL A","3012216","2025-06-29","2025","06","29","","24.1","","9.0","","16.6","","1.4","","0.0","","0.0","","0.0","","0.0","","","","29","","41",""
"-113.58","53.31","EDMONTON INTL A","3012216","2025-06-30","2025","06","30","","25.3","","8.7","","17.0","","1.0","","0.0","","0.0","","0.0","","0.0","","","","","M","","M"
"-113.58","53.31","EDMONTON INTL A","3012216","2025-07-01","2025","07","01","","27.2","","11.6","","19.4","","0.0","","1.4","","0.0","T","0.0","","0.0","T","","","","M","","M"
"-113.58","53.31","EDMONTON INTL A","3012216","2025-07-02","2025","07","02","","29.2","","14.5","","21.9","","0.0","","3.9","","0.0","","0.0","","0.0","","","","32","","39",""
"-113.58","53.31","EDMONTON INTL A","3012216","2025-07-03","2025","07","03","","18.9","","6.3","","12.6","","5.4","","0.0","","0.0","T","0.0","","0.0","T","","","29","","45",""
"-113.58","53.31","EDMONTON INTL A","3012216","2025-07-04","2025","07","04","","18.0","","3.8","","10.9","","7.1","","0.0","","0.0","","0.0","","0.0","","","","28","","46",""
"-113.58","53.31","EDMONTON INTL A","3012216","2025-07-05","2025","07","05","","22.8","","2.4","","12.6","","5.4","","0.0","","0.8","","0.0","","0.8","","","","29","","39",""
"-113.58","53.31","EDMONTON INTL A","3012216","2025-07-06","2025","07","06","","19.6","","9.9","","14.8","","3.2","","0.0","","20.4","","0.0","","20.4","","","","31","","33",""
"-113.58","53.31","EDMONTON INTL A","3012216","2025-07-07","2025","07","07","","23.8","","6.3","","15.1","","2.9","","0.0","","0.0","","0.0","","0.0","","","","","M","","M"
"-113.58","53.31","EDMONTON INTL A","3012216","2025-07-08","2025","07","08","","29.1","","14.0","","21.6","","0.0","","3.6","","0.0","","0.0","","0.0","","","","29","","33",""
"-113.58","53.31","EDMONTON INTL A","3012216","2025-07-09","2025","07","09","","23.1","","10.7","","16.9","","1.1","","0.0","","0.0","T","0.0","","0.0","T","","","25","","35",""
"-113.58","53.31","EDMONTON INTL A","3012216","2025-07-10","2025","07","10","","21.3","","6.4","","13.9","","4.1","","0.0","","0.0","T","0.0","","0.0","T","","","32","","46",""
"-113.58","53.31","EDMONTON INTL A","3012216","2025-07-11","2025","07","11","","25.8","","4.8","","15.3","","2.7","","0.0","","0.0","","0.0","","0.0","","","","32","","35",""
"-113.58","53.31","EDMONTON INTL A","3012216","2025-07-12","2025","07","12","","25.7","","13.6","","19.7","","0.0","","1.7","","0.0","T","0.0","","0.0","T","","","31","","37",""
"-113.58","53.31","EDMONTON INTL A","3012216","2025-07-13","2025","07","13","","22.1","","12.2","","17.2","","0.8","","0.0","","4.7","","0.0","","4.7","","","","29","","45",""
"-113.58","53.31","EDMONTON INTL A","3012216","2025-07-14","2025","07","14","","20.0","","11.0","","15.5","","2.5","","0.0","","0.8","","0.0","","0.8","","","","","M","","M"
"-113.58","53.31","EDMONTON INTL A","3012216","2025-07-15","2025","07","15","","21.1","","2.2","","11.7","","6.3","","0.0","","0.0","","0.0","","0.0","","","","","M","","M"
"-113.58","53.31","EDMONTON INTL A","3012216","2025-07-16","2025","07","16","","21.2","","7.9","","14.6","","3.4","","0.0","","0.0","","0.0","","0.0","","","","17","","45",""
"-113.58","53.31","EDMONTON INTL A","3012216","2025-07-17","2025","07","17","","24.0","","8.1","","16.1","","1.9","","0.0","","11.8","","0.0","","11.8","","","","15","","41",""
"-113.58","53.31","EDMONTON INTL A","3012216","2025-07-18","2025","07","18","","22.8","","4.9","","13.9","","4.1","","0.0","","0.0","","0.0","","0.0","","","","13","","42",""
"-113.58","53.31","EDMONTON INTL A","3012216","2025-07-19","2025","07","19","","16.4","","12.4","","14.4","","3.6","","0.0","","17.0","","0.0","","17.0","","","","3","","37",""
"-113.58","53.31","EDMONTON INTL A","3012216","2025-07-20","2025","07","20","","21.6","","12.9","","17.3","","0.7","","0.0","","17.2","","0.0","","17.2","","","","4","","35",""
"-113.58","53.31","EDMONTON INTL A","3012216","2025-07-21","2025","07","21","","16.4","","8.8","","12.6","","5.4","","0.0","","3.3","","0.0","","3.3","","","","36","","39",""
"-113.58","53.31","EDMONTON INTL A","3012216","2025-07-22","2025","07","22","","16.9","","5.6","","11.3","","6.7","","0.0","","0.3","","0.0","","0.3","","","","","M","","M"
"-113.58","53.31","EDMONTON INTL A","3012216","2025-07-23","2025","07","23","","20.3","","4.2","","12.3","","5.7","","0.0","","0.0","T","0.0","","0.0","T","","","19","","32",""
"-113.58","53.31","EDMONTON INTL A","3012216","2025-07-24","2025","07","24","","28.5","","8.9","","18.7","","0.0","","0.7","","13.1","","0.0","","13.1","","","","35","","41",""
"-113.58","53.31","EDMONTON INTL A","3012216","2025-07-25","2025","07","25","","21.1","","10.9","","16.0","","2.0","","0.0","","7.6","","0.0","","7.6","","","","25","","63",""
"-113.58","53.31","EDMONTON INTL A","3012216","2025-07-26","2025","07","26","","19.2","","8.0","","13.6","","4.4","","0.0","","0.0","T","0.0","","0.0","T","","","","M","","M"
"-113.58","53.31","EDMONTON INTL A","3012216","2025-07-27","2025","07","27","","19.4","","6.9","","13.2","","4.8","","0.0","","4.9","","0.0","","4.9","","","","","M","","M"
"-113.58","53.31","EDMONTON INTL A","3012216","2025-07-28","2025","07","28","","20.6","","7.9","","14.3","","3.7","","0.0","","0.0","","0.0","","0.0","","","","","M","","M"
"-113.58","53.31","EDMONTON INTL A","3012216","2025-07-29","2025","07","29","","25.2","","6.7","","16.0","","2.0","","0.0","","0.0","","0.0","","0.0","","","","21","","48",""
"-113.58","53.31","EDMONTON INTL A","3012216","2025-07-30","2025","07","30","","27.4","","11.3","","19.4","","0.0","","1.4","","0.0","","0.0","","0.0","","","","","M","","M"
"-113.58","53.31","EDMONTON INTL A","3012216","2025-07-31","2025","07","31","","27.1","","12.9","","20.0","","0.0","","2.0","","0.0","","0.0","","0.0","","","","13","","35",""
"-113.58","53.31","EDMONTON INTL A","3012216","2025-08-01","2025","08","01","","27.7","","12.4","","20.1","","0.0","","2.1","","0.0","","0.0","","0.0","","","","16","","33",""
"-113.58","53.31","EDMONTON INTL A","3012216","2025-08-02","2025","08","02","","28.8","","12.2","","20.5","","0.0","","2.5","","0.0","T","0.0","","0.0","T","","","5","","33",""
"-113.58","53.31","EDMONTON INTL A","3012216","2025-08-03","2025","08","03","","23.8","","14.2","","19.0","","0.0","","1.0","","14.2","","0.0","","14.2","","","","8","","72",""
"-113.58","53.31","EDMONTON INTL A","3012216","2025-08-04","2025","08","04","","24.2","","11.8","","18.0","","0.0","","0.0","","0.7","","0.0","","0.7","","","","26","","35",""
"-113.58","53.31","EDMONTON INTL A","3012216","2025-08-05","2025","08","05","","26.2","","8.3","","17.3","","0.7","","0.0","","0.0","","0.0","","0.0","","","","12","","33",""
"-113.58","53.31","EDMONTON INTL A","3012216","2025-08-06","2025","08","06","","26.1","","9.4","","17.8","","0.2","","0.0","","0.0","T","0.0","","0.0","T","","","24","","39",""
"-113.58","53.31","EDMONTON INTL A","3012216","2025-08-07","2025","08","07","","19.1","","14.0","","16.6","","1.4","","0.0","","8.8","","0.0","","8.8","","","","26","","45",""
"-113.58","53.31","EDMONTON INTL A","3012216","2025-08-08","2025","08","08","","20.2","","13.8","","17.0","","1.0","","0.0","","1.2","","0.0","","1.2","","","","33","","39",""
"-113.58","53.31","EDMONTON INTL A","3012216","2025-08-09","2025","08","09","","22.6","","14.3","","18.5","","0.0","","0.5","","0.0","","0.0","","0.0","","","","29","","32",""
"-113.58","53.31","EDMONTON INTL A","3012216","2025-08-10","2025","08","10","","24.8","","14.7","","19.8","","0.0","","1.8","","3.6","","0.0","","3.6","","","","35","","42",""
"-113.58","53.31","EDMONTON INTL A","3012216","2025-08-11","2025","08","11","","23.3","","13.9","","18.6","","0.0","","0.6","","0.0","T","0.0","","0.0","T","","","31","","33",""
"-113.58","53.31","EDMONTON INTL A","3012216","2025-08-12","2025","08","12","","25.7","","11.6","","18.7","","0.0","","0.7","","2.4","","0.0","","2.4","","","","26","","33",""
"-113.58","53.31","EDMONTON INTL A","3012216","2025-08-13","2025","08","13","","15.6","","11.3","","13.5","","4.5","","0.0","","17.5","","0.0","","17.5","","","","32","","42",""
"-113.58","53.31","EDMONTON INTL A","3012216","2025-08-14","2025","08","14","","17.3","","6.5","","11.9","","6.1","","0.0","","0.0","","0.0","","0.0","","","","30","","39",""
"-113.58","53.31","EDMONTON INTL A","3012216","2025-08-15","2025","08","15","","13.9","","6.0","","10.0","","8.0","","0.0","","0.5","","0.0","","0.5","","","","12","","46",""
"-113.58","53.31","EDMONTON INTL A","3012216","2025-08-16","2025","08","16","","22.9","","9.4","","16.2","","1.8","","0.0","","9.1","","0.0","","9.1","","","","34","","48",""
"-113.58","53.31","EDMONTON INTL A","3012216","2025-08-17","2025","08","17","","25.3","","5.6","","15.5","","2.5","","0.0","","0.0","T","0.0","","0.0","T","","","11","","32",""
"-113.58","53.31","EDMONTON INTL A","3012216","2025-08-18","2025","08","18","","26.3","","8.8","","17.6","","0.4","","0.0","","1.5","","0.0","","1.5","","","","32","","52",""
"-113.58","53.31","EDMONTON INTL A","3012216","2025-08-19","2025","08","19","","25.9","","6.2","","16.1","","1.9","","0.0","","0.0","","0.0","","0.0","","","","","M","","M"
"-113.58","53.31","EDMONTON INTL A","3012216","2025-08-20","2025","08","20","","21.0","","10.4","","15.7","","2.3","","0.0","","1.0","","0.0","","1.0","","","","32","","52",""
"-113.58","53.31","EDMONTON INTL A","3012216","2025-08-21","2025","08","21","","18.7","","5.9","","12.3","","5.7","","0.0","","0.2","","0.0","","0.2","","","","30","","63",""
"-113.58","53.31","EDMONTON INTL A","3012216","2025-08-22","2025","08","22","","21.2","","6.2","","13.7","","4.3","","0.0","","0.0","","0.0","","0.0","","","","","M","","M"
"-113.58","53.31","EDMONTON INTL A","3012216","2025-08-23","2025","08","23","","24.9","","4.8","","14.9","","3.1","","0.0","","0.0","","0.0","","0.0","","","","","M","","M"
"-113.58","53.31","EDMONTON INTL A","3012216","2025-08-24","2025","08","24","","26.5","","6.8","","16.7","","1.3","","0.0","","0.0","","0.0","","0.0","","","","","M","","M"
"-113.58","53.31","EDMONTON INTL A","3012216","2025-08-25","2025","08","25","","28.7","","6.3","","17.5","","0.5","","0.0","","0.0","","0.0","","0.0","","","","","M","","M"
"-113.58","53.31","EDMONTON INTL A","3012216","2025-08-26","2025","08","26","","30.4","","8.3","","19.4","","0.0","","1.4","","0.0","","0.0","","0.0","","","","","M","","M"
"-113.58","53.31","EDMONTON INTL A","3012216","2025-08-27","2025","08","27","","32.7","","8.2","","20.5","","0.0","","2.5","","0.0","","0.0","","0.0","","","","14","","41",""
"-113.58","53.31","EDMONTON INTL A","3012216","2025-08-28","2025","08","28","","30.9","","8.0","","19.5","","0.0","","1.5","","0.0","","0.0","","0.0","","","","","M","","M"
"-113.58","53.31","EDMONTON INTL A","3012216","2025-08-29","2025","08","29","","31.8","","8.9","","20.4","","0.0","","2.4","","0.0","","0.0","","0.0","","","","","M","","M"
"-113.58","53.31","EDMONTON INTL A","3012216","2025-08-30","2025","08","30","","30.8","","8.5","","19.7","","0.0","","1.7","","0.0","","0.0","","0.0","","","","13","","32",""
"-113.58","53.31","EDMONTON INTL A","3012216","2025-08-31","2025","08","31","","27.8","","8.9","","18.4","","0.0","","0.4","","0.0","","0.0","","0.0","","","","","M","","M"
"-113.58","53.31","EDMONTON INTL A","3012216","2025-09-01","2025","09","01","","27.4","","6.2","","16.8","","1.2","","0.0","","0.0","","0.0","","0.0","","","","1","","39",""
"-113.58","53.31","EDMONTON INTL A","3012216","2025-09-02","2025","09","02","","21.9","","7.8","","14.9","","3.1","","0.0","","0.0","","0.0","","0.0","","","","","M","","M"
"-113.58","53.31","EDMONTON INTL A","3012216","2025-09-03","2025","09","03","","27.8","","7.9","","17.9","","0.1","","0.0","","0.0","","0.0","","0.0","","","","30","","48",""
"-113.58","53.31","EDMONTON INTL A","3012216","2025-09-04","2025","09","04","","19.1","","2.7","","10.9","","7.1","","0.0","","0.0","","0.0","","0.0","","","","1","","45",""
"-113.58","53.31","EDMONTON INTL A","3012216","2025-09-05","2025","09","05","","23.1","","0.2","","11.7","","6.3","","0.0","","0.0","","0.0","","0.0","","","","14","","33",""
"-113.58","53.31","EDMONTON INTL A","3012216","2025-09-06","2025","09","06","","25.3","","4.1","","14.7","","3.3","","0.0","","0.0","","0.0","","0.0","","","","","M","","M"
"-113.58","53.31","EDMONTON INTL A","3012216","2025-09-07","2025","09","07","","24.1","","4.3","","14.2","","3.8","","0.0","","0.0","","0.0","","0.0","","","","","M","","M"
"-113.58","53.31","EDMONTON INTL A","3012216","2025-09-08","2025","09","08","","27.2","","5.9","","16.6","","1.4","","0.0","","0.0","","0.0","","0.0","","","","","M","","M"
"-113.58","53.31","EDMONTON INTL A","3012216","2025-09-09","2025","09","09","","29.7","","7.4","","18.6","","0.0","","0.6","","0.0","","0.0","","0.0","","","","24","","33",""
"-113.58","53.31","EDMONTON INTL A","3012216","2025-09-10","2025","09","10","","25.8","","6.4","","16.1","","1.9","","0.0","","0.0","T","0.0","","0.0","T","","","","M","","M"
"-113.58","53.31","EDMONTON INTL A","3012216","2025-09-11","2025","09","11","","26.8","","3.7","","15.3","","2.7","","0.0","","0.0","","0.0","","0.0","","","","","M","","M"
"-113.58","53.31","EDMONTON INTL A","3012216","2025-09-12","2025","09","12","","28.2","","7.6","","17.9","","0.1","","0.0","","0.0","","0.0","","0.0","","","","15","","32",""
"-113.58","53.31","EDMONTON INTL A","3012216","2025-09-13","2025","09","13","","28.1","","8.5","","18.3","","0.0","","0.3","","0.0","","0.0","","0.0","","","","15","","41",""
"-113.58","53.31","EDMONTON INTL A","3012216","2025-09-14","2025","09","14","","25.7","","5.9","","15.8","","2.2","","0.0","","0.0","","0.0","","0.0","","","","","M","","M"
"-113.58","53.31","EDMONTON INTL A","3012216","2025-09-15","2025","09","15","","23.4","","5.3","","14.4","","3.6","","0.0","","0.0","","0.0","","0.0","","","","32","","41",""
"-113.58","53.31","EDMONTON INTL A","3012216","2025-09-16","2025","09","16","","24.6","","1.1","","12.9","","5.1","","0.0","","0.0","","0.0","","0.0","","","","","M","","M"
"-113.58","53.31","EDMONTON INTL A","3012216","2025-09-17","2025","09","17","","27.6","","8.8","","18.2","","0.0","","0.2","","0.0","","0.0","","0.0","","","","16","","48",""
"-113.58","53.31","EDMONTON INTL A","3012216","2025-09-18","2025","09","18","","21.2","","7.3","","14.3","","3.7","","0.0","","0.0","T","0.0","","0.0","T","","","15","","37",""
"-113.58","53.31","EDMONTON INTL A","3012216","2025-09-19","2025","09","19","","22.4","","2.4","","12.4","","5.6","","0.0","","0.0","T","0.0","","0.0","T","","","","M","","M"
"-113.58","53.31","EDMONTON INTL A","3012216","2025-09-20","2025","09","20","","28.6","","6.4","","17.5","","0.5","","0.0","","0.0","","0.0","","0.0","","","","14","","42",""
"-113.58","53.31","EDMONTON INTL A","3012216","2025-09-21","2025","09","21","","23.2","","3.9","","13.6","","4.4","","0.0","","0.0","T","0.0","","0.0","T","","","32","","63",""
"-113.58","53.31","EDMONTON INTL A","3012216","2025-09-22","2025","09","22","","21.4","","3.0","","12.2","","5.8","","0.0","","0.0","","0.0","","0.0","","","","20","","45",""
"-113.58","53.31","EDMONTON INTL A","3012216","2025-09-23","2025","09","23","","23.8","","3.4","","13.6","","4.4","","0.0","","0.0","","0.0","","0.0","","","","5","","33",""
"-113.58","53.31","EDMONTON INTL A","3012216","2025-09-24","2025","09","24","","14.6","","1.6","","8.1","","9.9","","0.0","","0.0","T","0.0","","0.0","T","","","29","","33",""
"-113.58","53.31","EDMONTON INTL A","3012216","2025-09-25","2025","09","25","","21.1","","-0.2","","10.5","","7.5","","0.0","","0.0","T","0.0","","0.0","T","","","34","","65",""
"-113.58","53.31","EDMONTON INTL A","3012216","2025-09-26","2025","09","26","","17.9","","3.1","","10.5","","7.5","","0.0","","0.0","T","0.0","","0.0","T","","","30","","50",""
"-113.58","53.31","EDMONTON INTL A","3012216","2025-09-27","2025","09","27","","17.6","","-0.6","","8.5","","9.5","","0.0","","0.0","","0.0","","0.0","","","","33","","55",""
"-113.58","53.31","EDMONTON INTL A","3012216","2025-09-28","2025","09","28","","16.8","","6.4","","11.6","","6.4","","0.0","","0.4","","0.0","","0.4","","","","15","","41",""
"-113.58","53.31","EDMONTON INTL A","3012216","2025-09-29","2025","09","29","","25.0","","7.7","","16.4","","1.6","","0.0","","0.0","","0.0","","0.0","","","","15","","46",""
"-113.58","53.31","EDMONTON INTL A","3012216","2025-09-30","2025","09","30","","15.5","","2.2","","8.9","","9.1","","0.0","","0.2","","0.0","","0.2","","","","","M","","M"
"-113.58","53.31","EDMONTON INTL A","3012216","2025-10-01","2025","10","01","","16.9","","2.8","","9.9","","8.1","","0.0","","0.0","T","0.0","","0.0","T","","","","M","","M"
"-113.58","53.31","EDMONTON INTL A","3012216","2025-10-02","2025","10","02","","18.4","","1.1","","9.8","","8.2","","0.0","","1.1","","0.0","","1.1","","","","10","","33",""
"-113.58","53.31","EDMONTON INTL A","3012216","2025-10-03","2025","10","03","","19.0","","-0.7","","9.2","","8.8","","0.0","","0.0","T","0.0","","0.0","T","","","30","","50",""
"-113.58","53.31","EDMONTON INTL A","3012216","2025-10-04","2025","10","04","","11.3","","-1.9","","4.7","","13.3","","0.0","","0.0","","0.0","","0.0","","","","33","","48",""
"-113.58","53.31","EDMONTON INTL A","3012216","2025-10-05","2025","10","05","","11.5","","-7.6","","2.0","","16.0","","0.0","","0.0","","0.0","","0.0","","","","27","","48",""
"-113.58","53.31","EDMONTON INTL A","3012216","2025-10-06","2025","10","06","","11.5","","2.0","","6.8","","11.2","","0.0","","0.0","","0.0","","0.0","","","","","M","","M"
"-113.58","53.31","EDMONTON INTL A","3012216","2025-10-07","2025","10","07","","24.3","","4.5","","14.4","","3.6","","0.0","","0.0","","0.0","","0.0","","","","18","","39",""
"-113.58","53.31","EDMONTON INTL A","3012216","2025-10-08","2025","10","08","","13.6","","-2.9","","5.4","","12.6","","0.0","","0.0","","0.0","","0.0","","","","34","","54",""
"-113.58","53.31","EDMONTON INTL A","3012216","2025-10-09","2025","10","09","","16.2","","-4.8","","5.7","","12.3","","0.0","","0.0","","0.0","","0.0","","","","","M","","M"
"-113.58","53.31","EDMONTON INTL A","3012216","2025-10-10","2025","10","10","","22.7","","-1.1","","10.8","","7.2","","0.0","","0.0","","0.0","","0.0","","","","18","","45",""
"-113.58","53.31","EDMONTON INTL A","3012216","2025-10-11","2025","10","11","","15.0","","2.0","","8.5","","9.5","","0.0","","0.6","","0.0","","0.6","","","","29","","61",""
"-113.58","53.31","EDMONTON INTL A","3012216","2025-10-12","2025","10","12","","2.0","","-2.2","","-0.1","","18.1","","0.0","","0.0","","0.0","T","0.0","T","","","34","","45",""
"-113.58","53.31","EDMONTON INTL A","3012216","2025-10-13","2025","10","13","","3.4","","-6.5","","-1.6","","19.6","","0.0","","0.0","","0.0","T","0.0","T","","","15","","37",""
"-113.58","53.31","EDMONTON INTL A","3012216","2025-10-14","2025","10","14","","8.6","","-6.5","","1.1","","16.9","","0.0","","0.0","","0.0","","0.0","","","","16","","35",""
"-113.58","53.31","EDMONTON INTL A","3012216","2025-10-15","2025","10","15","","14.9","","-6.5","","4.2","","13.8","","0.0","","0.0","","0.0","","0.0","","","","","M","","M"
"-113.58","53.31","EDMONTON INTL A","3012216","2025-10-16","2025","10","16","","18.1","","-6.9","","5.6","","12.4","","0.0","","0.0","T","0.0","","0.0","T","","","32","","74",""
"-113.58","53.31","EDMONTON INTL A","3012216","2025-10-17","2025","10","17","","10.6","","-3.2","","3.7","","14.3","","0.0","","0.3","","0.0","","0.3","","","","29","","63",""
"-113.58","53.31","EDMONTON INTL A","3012216","2025-10-18","2025","10","18","","12.8","","-1.5","","5.7","","12.3","","0.0","","0.0","","0.0","","0.0","","","","31","","37",""
"-113.58","53.31","EDMONTON INTL A","3012216","2025-10-19","2025","10","19","","10.7","","0.5","","5.6","","12.4","","0.0","","0.8","","0.0","","0.8","","","","30","","52",""
"-113.58","53.31","EDMONTON INTL A","3012216","2025-10-20","2025","10","20","","9.5","","1.6","","5.6","","12.4","","0.0","","0.0","T","0.0","","0.0","T","","","31","","55",""
"-113.58","53.31","EDMONTON INTL A","3012216","2025-10-21","2025","10","21","","14.4","","-2.8","","5.8","","12.2","","0.0","","0.0","T","0.0","","0.0","T","","","31","","54",""
"-113.58","53.31","EDMONTON INTL A","3012216","2025-10-22","2025","10","22","","14.8","","-8.4","","3.2","","14.8","","0.0","","0.0","","0.0","","0.0","","","","16","","50",""
"-113.58","53.31","EDMONTON INTL A","3012216","2025-10-23","2025","10","23","","16.1","","1.6","","8.9","","9.1","","0.0","","0.0","T","0.0","","0.0","T","","","27","","33",""
"-113.58","53.31","EDMONTON INTL A","3012216","2025-10-24","2025","10","24","","17.9","","0.0","","9.0","","9.0","","0.0","","0.0","","0.0","","0.0","","","","20","","33",""
"-113.58","53.31","EDMONTON INTL A","3012216","2025-10-25","2025","10","25","","11.6","","1.3","","6.5","","11.5","","0.0","","1.4","","0.0","","1.4","","","","29","","45",""
"-113.58","53.31","EDMONTON INTL A","3012216","2025-10-26","2025","10","26","","7.7","","-0.4","","3.7","","14.3","","0.0","","7.0","","0.0","","7.0","","","","11","","45",""
"-113.58","53.31","EDMONTON INTL A","3012216","2025-10-27","2025","10","27","","4.2","","0.0","","2.1","","15.9","","0.0","","0.0","T","0.0","","0.0","T","","","30","","72",""
"-113.58","53.31","EDMONTON INTL A","3012216","2025-10-28","2025","10","28","","7.1","","-2.9","","2.1","","15.9","","0.0","","0.0","","0.0","","0.0","","","","29","","45",""
"-113.58","53.31","EDMONTON INTL A","3012216","2025-10-29","2025","10","29","","9.7","","0.4","","5.1","","12.9","","0.0","","0.0","T","0.0","","0.0","T","","","31","","74",""
"-113.58","53.31","EDMONTON INTL A","3012216","2025-10-30","2025","10","30","","8.8","","-6.8","","1.0","","17.0","","0.0","","0.0","","0.0","","0.0","","","","","M","","M"
"-113.58","53.31","EDMONTON INTL A","3012216","2025-10-31","2025","10","31","","7.8","","-5.0","","1.4","","16.6","","0.0","","0.0","","0.0","","0.0","","","","15","","58",""
"-113.58","53.31","EDMONTON INTL A","3012216","2025-11-01","2025","11","01","","9.9","","-4.3","","2.8","","15.2","","0.0","","6.4","","0.0","","6.4","","","","32","","59",""
"-113.58","53.31","EDMONTON INTL A","3012216","2025-11-02","2025","11","02","","8.0","","-2.3","","2.9","","15.1","","0.0","","0.0","","0.0","","0.0","","","","29","","52",""
"-113.58","53.31","EDMONTON INTL A","3012216","2025-11-03","2025","11","03","","7.5","","-8.0","","-0.3","","18.3","","0.0","","0.0","","0.0","","0.0","","","","","M","","M"
"-113.58","53.31","EDMONTON INTL A","3012216","2025-11-04","2025","11","04","","6.3","","-8.6","","-1.2","","19.2","","0.0","","0.0","","0.0","","0.0","","","","","M","","M"
"-113.58","53.31","EDMONTON INTL A","3012216","2025-11-05","2025","11","05","","4.5","","-6.8","","-1.2","","19.2","","0.0","","0.0","T","0.0","","0.0","T","","","12","","52",""
"-113.58","53.31","EDMONTON INTL A","3012216","2025-11-06","2025","11","06","","1.4","","-1.2","","0.1","","17.9","","0.0","","0.6","","0.0","","0.6","","","","14","","33",""
"-113.58","53.31","EDMONTON INTL A","3012216","2025-11-07","2025","11","07","","-0.8","","-4.1","","-2.5","","20.5","","0.0","","0.0","","6.0","","4.3","","2","E","13","","42",""
"-113.58","53.31","EDMONTON INTL A","3012216","2025-11-08","2025","11","08","","3.5","","-3.7","","-0.1","","18.1","","0.0","","0.0","","0.0","T","0.0","T","5","","","M","","M"
"-113.58","53.31","EDMONTON INTL A","3012216","2025-11-09","2025","11","09","","4.6","","-1.7","","1.5","","16.5","","0.0","","0.0","","0.0","","0.0","","2","","15","","48",""
"-113.58","53.31","EDMONTON INTL A","3012216","2025-11-10","2025","11","10","","11.9","","1.7","","6.8","","11.2","","0.0","","0.0","","0.0","","0.0","","1","","24","","39",""
"-113.58","53.31","EDMONTON INTL A","3012216","2025-11-11","2025","11","11","","9.7","","-3.8","","3.0","","15.0","","0.0","","0.0","","0.0","","0.0","","","","","M","","M"
"-113.58","53.31","EDMONTON INTL A","3012216","2025-11-12","2025","11","12","","6.1","","-6.6","","-0.3","","18.3","","0.0","","0.0","","0.0","","0.0","","","","","M","","M"
"-113.58","53.31","EDMONTON INTL A","3012216","2025-11-13","2025","11","13","","1.0","","-2.9","","-1.0","","19.0","","0.0","","0.8","","0.0","","0.8","","1","E","13","","32",""
"-113.58","53.31","EDMONTON INTL A","3012216","2025-11-14","2025","11","14","","0.5","","-12.2","","-5.9","","23.9","","0.0","","0.0","","0.0","T","0.0","T","1","","27","","35",""
"-113.58","53.31","EDMONTON INTL A","3012216","2025-11-15","2025","11","15","","1.6","","-12.3","","-5.4","","23.4","","0.0","","0.0","","0.0","","0.0","","1","","","M","","M"
"-113.58","53.31","EDMONTON INTL A","3012216","2025-11-16","2025","11","16","","5.8","","-8.1","","-1.2","","19.2","","0.0","","0.0","","0.0","","0.0","","1","","13","","33",""
"-113.58","53.31","EDMONTON INTL A","3012216","2025-11-17","2025","11","17","","-0.3","","-7.5","","-3.9","","21.9","","0.0","","0.0","","0.0","","0.0","","0","T","","M","","M"
"-113.58","53.31","EDMONTON INTL A","3012216","2025-11-18","2025","11","18","","1.4","","-8.2","","-3.4","","21.4","","0.0","","0.0","","0.3","","0.2","","0","T","","M","","M"
"-113.58","53.31","EDMONTON INTL A","3012216","2025-11-19","2025","11","19","","3.0","","-8.8","","-2.9","","20.9","","0.0","","0.0","","0.0","","0.0","","","","","M","","M"
"-113.58","53.31","EDMONTON INTL A","3012216","2025-11-20","2025","11","20","","1.0","","-12.1","","-5.6","","23.6","","0.0","","0.0","","0.0","","0.0","","0","T","","M","","M"
"-113.58","53.31","EDMONTON INTL A","3012216","2025-11-21","2025","11","21","","7.3","","-8.4","","-0.6","","18.6","","0.0","","0.0","","0.0","","0.0","","0","T","30","","42",""
"-113.58","53.31","EDMONTON INTL A","3012216","2025-11-22","2025","11","22","","4.8","","-5.3","","-0.3","","18.3","","0.0","","0.0","T","0.0","","0.0","T","","","","M","","M"
"-113.58","53.31","EDMONTON INTL A","3012216","2025-11-23","2025","11","23","","3.0","","-8.6","","-2.8","","20.8","","0.0","","1.2","","0.6","","1.8","","0","T","","M","","M"
"-113.58","53.31","EDMONTON INTL A","3012216","2025-11-24","2025","11","24","","-0.4","","-9.9","","-5.2","","23.2","","0.0","","0.0","","0.0","","0.0","","0","T","","M","","M"
"-113.58","53.31","EDMONTON INTL A","3012216","2025-11-25","2025","11","25","","-0.4","","-12.7","","-6.6","","24.6","","0.0","","0.0","","0.0","","0.0","","0","T","","M","","M"
"-113.58","53.31","EDMONTON INTL A","3012216","2025-11-26","2025","11","26","","-6.1","","-16.8","","-11.5","","29.5","","0.0","","0.0","","0.0","T","0.0","T","0","T","","M","","M"
"-113.58","53.31","EDMONTON INTL A","3012216","2025-11-27","2025","11","27","","-7.1","","-11.2","","-9.2","","27.2","","0.0","","0.0","","2.0","","0.6","","0","T","","M","","M"
"-113.58","53.31","EDMONTON INTL A","3012216","2025-11-28","2025","11","28","","-9.6","","-20.8","","-15.2","","33.2","","0.0","","0.0","","3.2","","0.2","","2","","","M","","M"
"-113.58","53.31","EDMONTON INTL A","3012216","2025-11-29","2025","11","29","","-15.2","","-25.4","","-20.3","","38.3","","0.0","","0.0","","0.0","","0.0","","5","","","M","","M"
"-113.58","53.31","EDMONTON INTL A","3012216","2025-11-30","2025","11","30","","-5.7","","-23.8","","-14.8","","32.8","","0.0","","0.0","","0.0","","0.0","","3","","","M","","M"
"-113.58","53.31","EDMONTON INTL A","3012216","2025-12-01","2025","12","01","","2.9","","-15.8","","-6.5","","24.5","","0.0","","0.2","","0.0","T","0.2","","3","","26","","33",""
"-113.58","53.31","EDMONTON INTL A","3012216","2025-12-02","2025","12","02","","2.8","","-10.8","","-4.0","","22.0","","0.0","","0.0","","0.0","T","0.0","T","3","","33","","46",""
"-113.58","53.31","EDMONTON INTL A","3012216","2025-12-03","2025","12","03","","1.5","","-10.8","","-4.7","","22.7","","0.0","","0.6","","1.4","","1.0","","3","","29","","37",""
"-113.58","53.31","EDMONTON INTL A","3012216","2025-12-04","2025","12","04","","2.5","","-3.9","","-0.7","","18.7","","0.0","","2.7","","0.0","T","2.7","","3","","34","","52",""
"-113.58","53.31","EDMONTON INTL A","3012216","2025-12-05","2025","12","05","","-2.0","","-16.6","","-9.3","","27.3","","0.0","","0.0","","4.4","","3.2","","2","","35","","46",""
"-113.58","53.31","EDMONTON INTL A","3012216","2025-12-06","2025","12","06","","-15.8","","-18.4","","-17.1","","35.1","","0.0","","0.0","","2.4","","0.9","","6","","13","","42",""
"-113.58","53.31","EDMONTON INTL A","3012216","2025-12-07","2025","12","07","","-10.7","","-22.9","","-16.8","","34.8","","0.0","","0.0","","0.0","T","0.0","T","8","","","M","","M"
"-113.58","53.31","EDMONTON INTL A","3012216","2025-12-08","2025","12","08","","-6.4","","-16.6","","-11.5","","29.5","","0.0","","0.0","","0.0","T","0.0","T","8","","5","","35",""
"-113.58","53.31","EDMONTON INTL A","3012216","2025-12-09","2025","12","09","","-8.4","","-17.1","","-12.8","","30.8","","0.0","","0.0","","0.0","T","0.0","T","8","","33","","45",""
"-113.58","53.31","EDMONTON INTL A","3012216","2025-12-10","2025","12","10","","-12.8","","-17.5","","-15.2","","33.2","","0.0","","0.0","","0.0","T","0.0","T","6","","13","","45",""
"-113.58","53.31","EDMONTON INTL A","3012216","2025-12-11","2025","12","11","","-17.3","","-25.0","","-21.2","","39.2","","0.0","","0.0","","3.2","","3.2","","9","","34","","46",""
"-113.58","53.31","EDMONTON INTL A","3012216","2025-12-12","2025","12","12","","-20.6","","-31.0","","-25.8","","43.8","","0.0","","0.0","","1.0","","0.7","","9","","13","","32",""
"-113.58","53.31","EDMONTON INTL A","3012216","2025-12-13","2025","12","13","","-11.3","","-30.7","","-21.0","","39.0","","0.0","","0.0","","0.0","T","0.0","T","10","","14","","39",""
"-113.58","53.31","EDMONTON INTL A","3012216","2025-12-14","2025","12","14","","-8.1","","-12.0","","-10.1","","28.1","","0.0","","0.0","","0.0","T","0.0","T","10","","","M","","M"
"-113.58","53.31","EDMONTON INTL A","3012216","2025-12-15","2025","12","15","","6.3","","-11.6","","-2.7","","20.7","","0.0","","0.2","","0.5","","0.7","","10","","32","","68",""
"-113.58","53.31","EDMONTON INTL A","3012216","2025-12-16","2025","12","16","","-5.9","","-20.0","","-13.0","","31.0","","0.0","","0.0","","5.6","","5.6","","10","","34","","45",""
"-113.58","53.31","EDMONTON INTL A","3012216","2025-12-17","2025","12","17","","-7.9","","-25.0","","-16.5","","34.5","","0.0","","0.0","","13.0","","13.0","","8","","33","","50",""
"-113.58","53.31","EDMONTON INTL A","3012216","2025-12-18","2025","12","18","","-15.8","","-25.5","","-20.7","","38.7","","0.0","","0.0","","0.0","T","0.0","T","20","","","M","","M"
"-113.58","53.31","EDMONTON INTL A","3012216","2025-12-19","2025","12","19","","-16.1","","-25.6","","-20.9","","38.9","","0.0","","0.0","","6.5","","4.8","","27","","30","","52",""
"-113.58","53.31","EDMONTON INTL A","3012216","2025-12-20","2025","12","20","","-22.2","","-31.0","","-26.6","","44.6","","0.0","","0.0","","0.0","","0.0","","17","","","M","","M"
"-113.58","53.31","EDMONTON INTL A","3012216","2025-12-21","2025","12","21","","-21.1","","-25.1","","-23.1","","41.1","","0.0","","0.0","","0.0","T","0.0","T","17","","","M","","M"
"-113.58","53.31","EDMONTON INTL A","3012216","2025-12-22","2025","12","22","","-20.4","","-28.5","","-24.5","","42.5","","0.0","","0.0","","0.0","T","0.0","T","17","","","M","","M"
"-113.58","53.31","EDMONTON INTL A","3012216","2025-12-23","2025","12","23","","-21.0","","-28.9","","-25.0","","43.0","","0.0","","0.0","","0.0","","0.0","","17","","13","","50",""
"-113.58","53.31","EDMONTON INTL A","3012216","2025-12-24","2025","12","24","","-18.9","","-24.5","","-21.7","","39.7","","0.0","","0.0","","10.2","","7.3","","17","","","M","","M"
"-113.58","53.31","EDMONTON INTL A","3012216","2025-12-25","2025","12","25","","-17.5","","-28.5","","-23.0","","41.0","","0.0","","0.0","","0.0","T","0.0","T","27","","","M","","M"
"-113.58","53.31","EDMONTON INTL A","3012216","2025-12-26","2025","12","26","","-12.4","","-20.9","","-16.7","","34.7","","0.0","","0.0","","9.0","","6.0","","25","","31","","39",""
"-113.58","53.31","EDMONTON INTL A","3012216","2025-12-27","2025","12","27","","-18.7","","-31.6","","-25.2","","43.2","","0.0","","0.0","","2.7","","2.7","","37","","32","","54",""
"-113.58","53.31","EDMONTON INTL A","3012216","2025-12-28","2025","12","28","","-1.0","","-32.5","","-16.8","","34.8","","0.0","","0.0","","0.0","T","0.0","T","28","","16","","32",""
"-113.58","53.31","EDMONTON INTL A","3012216","2025-12-29","2025","12","29","","5.3","","-2.9","","1.2","","16.8","","0.0","","0.0","T","0.0","","0.0","T","27","","25","","41",""
"-113.58","53.31","EDMONTON INTL A","3012216","2025-12-30","2025","12","30","","1.2","","-6.2","","-2.5","","20.5","","0.0","","0.0","","0.0","","0.0","","22","","","M","","M"
"-113.58","53.31","EDMONTON INTL A","3012216","2025-12-31","2025","12","31","","-3.4","","-8.9","","-6.2","","24.2","","0.0","","0.3","","0.0","T","0.3","","20","","","M","","M"
